param_classifier__criterion,param_classifier__max_depth,param_classifier__min_samples_leaf,param_classifier__min_samples_split,mean_test_score,std_test_score,rank_test_score,mean_train_score
entropy,,1,50,0.3560430378023983,0.020238475886463388,1,0.5459782508818689
gini,,1,50,0.3559261303402085,0.013999431793422867,2,0.518209396857148
gini,,10,50,0.355479784607492,0.016167484524239713,3,0.4543193641340223
gini,,10,2,0.353687736607292,0.017303855297182796,4,0.5070695122981725
gini,,10,20,0.353687736607292,0.017303855297182796,4,0.5070695122981725
entropy,,10,50,0.34316910042642357,0.02511850543630791,6,0.4553718623260467
entropy,,10,2,0.33882086403943346,0.020276203062422976,7,0.5129621078756913
entropy,,10,20,0.33882086403943346,0.020276203062422976,7,0.5129621078756913
gini,,1,20,0.33786887945813693,0.018033656178007985,9,0.6335913798922551
gini,,25,2,0.33683061242926626,0.01560062551228502,10,0.4127278515939324
gini,,25,20,0.33683061242926626,0.01560062551228502,10,0.4127278515939324
gini,,25,50,0.33683061242926626,0.01560062551228502,10,0.4127278515939324
entropy,,1,20,0.33591793709532564,0.01756050582373218,13,0.6726841624988095
entropy,,25,2,0.3310028305892683,0.014765517861178462,14,0.4107628961008805
entropy,,25,20,0.3310028305892683,0.014765517861178462,14,0.4107628961008805
entropy,,25,50,0.3310028305892683,0.014765517861178462,14,0.4107628961008805
gini,10,1,50,0.31274290449079206,0.024457358183337257,17,0.38226163580009664
gini,,1,2,0.31141964897921526,0.008693869897731256,18,1.0
gini,10,1,20,0.3086090053588272,0.015819324556373117,19,0.4016364611175306
entropy,10,1,20,0.3073870317134003,0.017901415679147076,20,0.38249821654706023
entropy,,1,2,0.3069184218345117,0.01662445905756826,21,1.0
gini,10,25,2,0.30520897957319415,0.021973592332987357,22,0.3616907677872375
gini,10,25,20,0.30520897957319415,0.021973592332987357,22,0.3616907677872375
gini,10,25,50,0.30520897957319415,0.021973592332987357,22,0.3616907677872375
gini,10,1,2,0.30516305014028733,0.019572546644657414,25,0.42597798081985794
entropy,10,1,50,0.304307471170501,0.02579201464395103,26,0.36096211966350034
entropy,10,1,2,0.30237048981637615,0.022194728324047296,27,0.40080113675270235
entropy,10,10,2,0.3020881399590984,0.009647221823226,28,0.37538247558318566
entropy,10,10,20,0.3020881399590984,0.009647221823226,28,0.37538247558318566
entropy,10,10,50,0.30168688761686013,0.02413117467375783,30,0.35884856544557586
gini,7,1,20,0.3012460981593699,0.019274303528874676,31,0.3421805989191612
gini,10,10,2,0.301205325917664,0.011565619981205508,32,0.3857087465705805
gini,10,10,20,0.301205325917664,0.011565619981205508,32,0.3857087465705805
gini,10,10,50,0.30113755060098735,0.0186909411053738,34,0.3699741957946557
gini,7,10,2,0.29944334433976155,0.016468690489916102,35,0.3365226991320055
gini,7,10,20,0.29944334433976155,0.016468690489916102,35,0.3365226991320055
gini,7,1,2,0.2991619326827585,0.018032996467049367,37,0.3434498202532818
entropy,10,25,2,0.29807861636200156,0.027069075997257677,38,0.3467084540577802
entropy,10,25,20,0.29807861636200156,0.027069075997257677,38,0.3467084540577802
entropy,10,25,50,0.29807861636200156,0.027069075997257677,38,0.3467084540577802
gini,7,1,50,0.29735983880000416,0.02219007822735616,41,0.3359745907895185
gini,7,10,50,0.29582217981099423,0.017144770624538692,42,0.33197415614380954
gini,7,25,2,0.2945217821587878,0.021554289829494117,43,0.3314686808973343
gini,7,25,20,0.2945217821587878,0.021554289829494117,43,0.3314686808973343
gini,7,25,50,0.2945217821587878,0.021554289829494117,43,0.3314686808973343
gini,3,25,2,0.2829923448163633,0.015189673032263156,46,0.2874241781892442
gini,3,25,20,0.2829923448163633,0.015189673032263156,46,0.2874241781892442
gini,3,25,50,0.2829923448163633,0.015189673032263156,46,0.2874241781892442
gini,5,10,2,0.2806253564982687,0.02072711527122687,49,0.29538067398441015
gini,5,10,20,0.2806253564982687,0.02072711527122687,49,0.29538067398441015
gini,5,1,20,0.2802689691957019,0.020995377248184705,51,0.2992814607982939
entropy,3,25,2,0.2800352707528709,0.009670121254441546,52,0.2838213288833867
entropy,3,25,20,0.2800352707528709,0.009670121254441546,52,0.2838213288833867
entropy,3,25,50,0.2800352707528709,0.009670121254441546,52,0.2838213288833867
gini,5,1,50,0.27999006343627497,0.020081359324816018,55,0.29765754437383435
gini,5,1,2,0.2796593312328226,0.020294994789203373,56,0.29963509515196196
gini,5,10,50,0.2768847041423598,0.022245904411182103,57,0.2928236176010614
gini,5,25,2,0.27325225438177847,0.018955409233609333,58,0.2941350178086638
gini,5,25,20,0.27325225438177847,0.018955409233609333,58,0.2941350178086638
gini,5,25,50,0.27325225438177847,0.018955409233609333,58,0.2941350178086638
entropy,7,1,2,0.27298451333854423,0.016066238248771778,61,0.32069523293535784
entropy,7,1,20,0.2726459954421656,0.01567917741297477,62,0.3167183671166844
entropy,7,1,50,0.2708731860338953,0.018126504841869832,63,0.3099584697876686
entropy,7,25,2,0.26872959331859075,0.02726529839425971,64,0.30116352189824597
entropy,7,25,20,0.26872959331859075,0.02726529839425971,64,0.30116352189824597
entropy,7,25,50,0.26872959331859075,0.02726529839425971,64,0.30116352189824597
gini,3,1,2,0.2644934527788928,0.013399620550498769,67,0.2691405436331148
gini,3,1,20,0.2644934527788928,0.013399620550498769,67,0.2691405436331148
gini,3,1,50,0.2644934527788928,0.013399620550498769,67,0.2691405436331148
gini,3,10,2,0.2644934527788928,0.013399620550498769,67,0.2691405436331148
gini,3,10,20,0.2644934527788928,0.013399620550498769,67,0.2691405436331148
gini,3,10,50,0.2644934527788928,0.013399620550498769,67,0.2691405436331148
entropy,5,10,2,0.2641670376637294,0.011776339087205235,73,0.2747465953106375
entropy,5,10,20,0.2641670376637294,0.011776339087205235,73,0.2747465953106375
entropy,5,10,50,0.2632663953239727,0.010293818171024737,75,0.27315266531495197
entropy,5,1,2,0.26201028239225926,0.010428282002577248,76,0.27640458401894435
entropy,3,1,2,0.261704721792815,0.015908242671444518,77,0.2655886421245539
entropy,3,1,20,0.261704721792815,0.015908242671444518,77,0.2655886421245539
entropy,3,1,50,0.261704721792815,0.015908242671444518,77,0.2655886421245539
entropy,3,10,2,0.261704721792815,0.015908242671444518,77,0.2655886421245539
entropy,3,10,20,0.261704721792815,0.015908242671444518,77,0.2655886421245539
entropy,3,10,50,0.261704721792815,0.015908242671444518,77,0.2655886421245539
entropy,5,1,20,0.2616815268493181,0.012846732765056434,83,0.2745014712822611
entropy,5,1,50,0.2612040221818209,0.01142787002996975,84,0.2724417033675626
entropy,5,25,2,0.26001449025479256,0.018402875696537164,85,0.27573116560970146
entropy,5,25,20,0.26001449025479256,0.018402875696537164,85,0.27573116560970146
entropy,5,25,50,0.26001449025479256,0.018402875696537164,85,0.27573116560970146
entropy,7,10,50,0.2574491890647895,0.02680801246262587,88,0.28603495943527174
entropy,7,10,2,0.2525965165302637,0.02896702791275085,89,0.28715714616386745
entropy,7,10,20,0.2525965165302637,0.02896702791275085,89,0.28715714616386745
